Workbook
Name Apct: _xlfn.XLOOKUP("Apct", ReportRequestPageValues[Request Page Option], ReportRequestPageValues[Request Page Option Value])
Name Apct: _xlfn.XLOOKUP("Apct", ReportRequestPageValues[Request Page Option], ReportRequestPageValues[Request Page Option Value])
Name Bpct: _xlfn.XLOOKUP("Bpct", ReportRequestPageValues[Request Page Option], ReportRequestPageValues[Request Page Option Value])
Name Bpct: _xlfn.XLOOKUP("Bpct", ReportRequestPageValues[Request Page Option], ReportRequestPageValues[Request Page Option Value])
Name Caption.AboutTheReportLabel: _xlfn.XLOOKUP("AboutTheReportLabel",#REF!,#REF!,"none",)
Name Caption.Capacity: _xlfn.XLOOKUP("Capacity",#REF!,#REF!,"none",)
Name Caption.CompanyLabel: _xlfn.XLOOKUP("CompanyLabel",#REF!,#REF!,"none",)
Name Caption.Consumption: _xlfn.XLOOKUP("Consumption",#REF!,#REF!,"none",)
Name Caption.CostPostedToGL: _xlfn.XLOOKUP("CostPostedToGL",#REF!,#REF!,"none",)
Name Caption.CurrReportPageNo: _xlfn.XLOOKUP("CurrReportPageNo",#REF!,#REF!,"none",)
Name Caption.Desc_ProductionOrder: _xlfn.XLOOKUP("Desc_ProductionOrder",#REF!,#REF!,"none",)
Name Caption.DocumentationLabel: _xlfn.XLOOKUP("DocumentationLabel",#REF!,#REF!,"none",)
Name Caption.EndDate: _xlfn.XLOOKUP("EndDate",#REF!,#REF!,"none",)
Name Caption.EndDateHeader: _xlfn.XLOOKUP("EndDateHeader",#REF!,#REF!,"none",)
Name Caption.EnvironmentLabel: _xlfn.XLOOKUP("EnvironmentLabel",#REF!,#REF!,"none",)
Name Caption.InventoryValuationWIP: _xlfn.XLOOKUP("InventoryValuationWIP",#REF!,#REF!,"none",)
Name Caption.No_ProductionOrder: _xlfn.XLOOKUP("No_ProductionOrder",#REF!,#REF!,"none",)
Name Caption.Output: _xlfn.XLOOKUP("Output",#REF!,#REF!,"none",)
Name Caption.ProdOrderWipLabel: _xlfn.XLOOKUP("ProdOrderWipLabel",#REF!,#REF!,"none",)
Name Caption.ProdOrderWipPrintLabel: _xlfn.XLOOKUP("ProdOrderWipPrintLabel",#REF!,#REF!,"none",)
Name Caption.ReportNameLabel: _xlfn.XLOOKUP("ReportNameLabel",#REF!,#REF!,"none",)
Name Caption.RunOnLabel: _xlfn.XLOOKUP("RunOnLabel",#REF!,#REF!,"none",)
Name Caption.SourceNo_ProductionOrder: _xlfn.XLOOKUP("SourceNo_ProductionOrder",#REF!,#REF!,"none",)
Name Caption.SrcType_ProductionOrder: _xlfn.XLOOKUP("SrcType_ProductionOrder",#REF!,#REF!,"none",)
Name Caption.StartDate: _xlfn.XLOOKUP("StartDate",#REF!,#REF!,"none",)
Name Caption.StartDateHeader: _xlfn.XLOOKUP("StartDateHeader",#REF!,#REF!,"none",)
Name Caption.Status_ProductionOrder: _xlfn.XLOOKUP("Status_ProductionOrder",#REF!,#REF!,"none",)
Name Caption.Total: _xlfn.XLOOKUP("Total",#REF!,#REF!,"none",)
Name Caption.UserLabel: _xlfn.XLOOKUP("UserLabel",#REF!,#REF!,"none",)
Name Cpct: _xlfn.XLOOKUP("Cpct", ReportRequestPageValues[Request Page Option], ReportRequestPageValues[Request Page Option Value])
Name Cpct: _xlfn.XLOOKUP("Cpct", ReportRequestPageValues[Request Page Option], ReportRequestPageValues[Request Page Option Value])
Name CustFilterHeading: _xlfn.XLOOKUP("CustFilterHeading",#REF!,#REF!)
Name DataRetrieved: #REF!
Name DateFilter: _xlfn.XLOOKUP("DateFilter",#REF!,#REF!)
Name DatePeriod: _xlfn.XLOOKUP("PeriodText",#REF!,#REF!)
Name DuplicateEndDateFilter: _xlfn.XLOOKUP("BalanceAsOfDateFilter",#REF!,#REF!)
Name EndDateFilter: _xlfn.XLOOKUP("BalanceAsOfDateFilter",#REF!,#REF!)
Name ItemFilter: _xlfn.XLOOKUP("ItemFilter",#REF!,#REF!)
Name ItemFilterHeading: _xlfn.XLOOKUP("ItemFilterHeading", ReportRequestPageValues[Request Page Option], ReportRequestPageValues[Request Page Option Value])
Name ItemFilterHeading: _xlfn.XLOOKUP("ItemFilterHeading", ReportRequestPageValues[Request Page Option], ReportRequestPageValues[Request Page Option Value])
Name ItemLedgEntryFilter: _xlfn.XLOOKUP("ItemLedgEntryFilter",#REF!,#REF!)
Name PurchLineFilterHeading: _xlfn.XLOOKUP("PurchLineFilterHeading",#REF!,#REF!)
Name ReportMetadata.AboutThisReportText: _xlfn.XLOOKUP("About This Report Text",ReportMetadataValues[[#All],[Report Property]],ReportMetadataValues[[#All],[Report Property Value]],"none")
Name ReportMetadata.AboutThisReportText: _xlfn.XLOOKUP("About This Report Text",ReportMetadataValues[[#All],[Report Property]],ReportMetadataValues[[#All],[Report Property Value]],"none")
Name ReportMetadata.AboutThisReportTitle: _xlfn.XLOOKUP("About This Report Title",ReportMetadataValues[[#All],[Report Property]],ReportMetadataValues[[#All],[Report Property Value]],"none")
Name ReportMetadata.AboutThisReportTitle: _xlfn.XLOOKUP("About This Report Title",ReportMetadataValues[[#All],[Report Property]],ReportMetadataValues[[#All],[Report Property Value]],"none")
Name ReportMetadata.ExtensionID: _xlfn.XLOOKUP("Extension ID",ReportMetadataValues[[#All],[Report Property]],ReportMetadataValues[[#All],[Report Property Value]],"none")
Name ReportMetadata.ExtensionID: _xlfn.XLOOKUP("Extension ID",ReportMetadataValues[[#All],[Report Property]],ReportMetadataValues[[#All],[Report Property Value]],"none")
Name ReportMetadata.ExtensionName: _xlfn.XLOOKUP("Extension Name",ReportMetadataValues[[#All],[Report Property]],ReportMetadataValues[[#All],[Report Property Value]],"none")
Name ReportMetadata.ExtensionName: _xlfn.XLOOKUP("Extension Name",ReportMetadataValues[[#All],[Report Property]],ReportMetadataValues[[#All],[Report Property Value]],"none")
Name ReportMetadata.ExtensionPublisher: _xlfn.XLOOKUP("Extension Publisher",ReportMetadataValues[[#All],[Report Property]],ReportMetadataValues[[#All],[Report Property Value]],"none")
Name ReportMetadata.ExtensionPublisher: _xlfn.XLOOKUP("Extension Publisher",ReportMetadataValues[[#All],[Report Property]],ReportMetadataValues[[#All],[Report Property Value]],"none")
Name ReportMetadata.ExtensionVersion: _xlfn.XLOOKUP("Extension Version",ReportMetadataValues[[#All],[Report Property]],ReportMetadataValues[[#All],[Report Property Value]],"none")
Name ReportMetadata.ExtensionVersion: _xlfn.XLOOKUP("Extension Version",ReportMetadataValues[[#All],[Report Property]],ReportMetadataValues[[#All],[Report Property Value]],"none")
Name ReportMetadata.ObjectCaption: _xlfn.XLOOKUP("Object Caption",ReportMetadataValues[[#All],[Report Property]],ReportMetadataValues[[#All],[Report Property Value]],"none")
Name ReportMetadata.ObjectCaption: _xlfn.XLOOKUP("Object Caption",ReportMetadataValues[[#All],[Report Property]],ReportMetadataValues[[#All],[Report Property Value]],"none")
Name ReportMetadata.ObjectID: _xlfn.XLOOKUP("Object ID",ReportMetadataValues[[#All],[Report Property]],ReportMetadataValues[[#All],[Report Property Value]],"none")
Name ReportMetadata.ObjectID: _xlfn.XLOOKUP("Object ID",ReportMetadataValues[[#All],[Report Property]],ReportMetadataValues[[#All],[Report Property Value]],"none")
Name ReportMetadata.ObjectName: _xlfn.XLOOKUP("Object Name",ReportMetadataValues[[#All],[Report Property]],ReportMetadataValues[[#All],[Report Property Value]],"none")
Name ReportMetadata.ObjectName: _xlfn.XLOOKUP("Object Name",ReportMetadataValues[[#All],[Report Property]],ReportMetadataValues[[#All],[Report Property Value]],"none")

Sheet $ItemABCAnalysisPrintLbl$
B2: $ItemABCAnalysisPrintHeadingLbl$ | H2: {=ReportRequest.CompanyName} -> Company name Value
B4: {=ItemFilterHeading} -> #N/A | G4: {=Caption.DataRetrievedLbl} -> #NAME? | H4: {=ReportRequest.DateLocal} -> Date (Local) Value
B5: =_xlfn.CONCAT(Caption.PercentageABCLbl, " ", Apct, "/", Bpct, "/", Cpct) -> #NAME?
B7: $ABCLbl$ | C7: $ItemNo$ | D7: $Description$ | E7: $InventoryPostingGroup$ | F7: $NoOfItemsInClassLbl$ | G7: $PercentageLbl$ | H7: $SalesLCY$
F8: 0 | G8: 0 | H8: 0
B9: Total | F9: 0 | G9: 0 | H9: 0
B10: Grand Total | F10: 0 | G10: 0 | H10: 0

Sheet $ItemABCAnalysisStructureLbl$
B2: $ItemABCAnalysisStructureHeadingLbl$ | F2: {=ReportRequest.CompanyName} -> Company name Value
B4: {=ItemFilterHeading} -> #N/A | E4: {=Caption.DataRetrievedLbl} -> #NAME? | F4: {=ReportRequest.DateLocal} -> Date (Local) Value
B5: =_xlfn.CONCAT(Caption.PercentageABCLbl, " ", Apct, "/", Bpct, "/", Cpct) -> #NAME?
B7: $RangeLbl$ | C7: $ShareLbl$ | D7: $NoLbl$ | E7: $FromCumValueLbl$ | F7: $FromSingleValueLbl$
B8: $ALbl$ | C8: {=Apct} -> #N/A | D8: {=_xlfn.XLOOKUP(TRUE, Data!G:G<>"", Data!G:G, , 0, -1)} -> 0 | E8: =Data!J2 -> 0 | F8: =Data!L2 -> 0
B9: $BLbl$ | C9: {=Bpct} -> #N/A | D9: {=_xlfn.XLOOKUP(TRUE, Data!H:H<>"", Data!H:H, , 0, -1)} -> 0 | E9: =Data!K2 -> 0 | F9: =Data!M2 -> 0
B10: $CLbl$ | C10: {=Cpct} -> #N/A | D10: {=_xlfn.XLOOKUP(TRUE, Data!I:I<>"", Data!I:I, , 0, -1)} -> 0 | E10: 0 | F10: 0
B11: $TotalLbl$ | C11: =SUM(C8:C10) -> #N/A | D11: =SUM(D8:D10) -> 0 | E11: =Data!N2 -> 0

Sheet $ItemABCAnalysisLbl$
B1: $ItemNo$ | C1: $Description$ | D1: $InventoryPostingGroup$ | E1: $ABCLbl$ | F1: $PercentageLbl$ | G1: $SalesLCY$
F2: 0 | G2: 0
B3: Grand Total | F3: 0 | G3: 0

Sheet $AboutTheReportLbl$
A1: $EnvironmentLbl$ | B1: {=ReportRequest.EnvironmentName} -> Environment name Value
A2: $CompanyLbl$ | B2: {=ReportRequest.CompanyName} -> Company name Value
A3: $UserLbl$ | B3: {=ReportRequest.UserName} -> User name Value
A4: $RunOnLbl$ | B4: {=ReportRequest.DateLocal} -> Date (Local) Value
B5: {=ReportRequest.DateLocal} -> Date (Local) Value
A6: $ReportNameLbl$ | B6: {=ReportMetadata.ObjectCaption} -> Object Caption Value
A7: $DocumentationLbl$ | B7: =HYPERLINK(_xlfn.CONCAT("https://learn.microsoft.com/dynamics365/business-central/reports/report-",ReportMetadata.ObjectID)) -> https://learn.microsoft.com/dynamics365/business-central/reports/report-Object ID Value

Sheet ItemABCAnalysis_Query
A1: ItemNo | B1: Description | C1: InventoryPostingGroup | D1: SalesLCY | E1: ABC | F1: Pct | G1: NoA | H1: NoB | I1: NoC | J1: ABlimit | K1: BClimit | L1: AminAmt | M1: BminAmt | N1: Col1TotalAllRec | O1: NoOfItemsInClass
D2: 0 | F2: 0 | G2: 0 | H2: 0 | I2: 0 | J2: 0 | K2: 0 | L2: 0 | M2: 0 | N2: 0 | O2: 0

Sheet Data
A1: ItemNo | B1: Description | C1: InventoryPostingGroup | D1: SalesLCY | E1: ABC | F1: Pct | G1: NoA | H1: NoB | I1: NoC | J1: ABlimit | K1: BClimit | L1: AminAmt | M1: BminAmt | N1: Col1TotalAllRec | O1: NoOfItemsInClass
D2: 0 | F2: 0 | G2: 0 | H2: 0 | I2: 0 | J2: 0 | K2: 0 | L2: 0 | M2: 0 | N2: 0 | O2: 0

Sheet TranslationData
A1: CaptionKey | B1: Language | C1: Value

Sheet CaptionData
A1: Caption | B1: Value
A2: CaptionKey | B2: CaptionValue

Sheet Aggregated Metadata
A1: Report Property | B1: Report Property Value | D1: Request Property | E1: Request Property Value | G1: Request Page Option | H1: Request Page Option Value | J1: Filter | K1: Filter Value
A2: Extension ID | B2: Extension ID Value | D2: Tenant Entra Id | E2: Tenant Entra Id Value | G2: Request Page Option | H2: Request Page Option Value | J2: Filter | K2: Filter Value
A3: Extension Name | B3: Extension Name Value | D3: Tenant Id | E3: Tenant Id Value
A4: Extension Publisher | B4: Extension Publisher Value | D4: Environment name | E4: Environment name Value
A5: Extension Version | B5: Extension Version Value | D5: Environment type | E5: Environment type Value
A6: Object ID | B6: Object ID Value | D6: Company name | E6: Company name Value
A7: Object Name | B7: Object Name Value | D7: Company display name | E7: Company display name Value
A8: Object Caption | B8: Object Caption Value | D8: Company Id | E8: Company Id Value
A9: About This Report Title | B9: About This Report Title Value | D9: User name | E9: User name Value
A10: About This Report Text | B10: About This Report Text Value | D10: Date | E10: Date Value
A11: Report help link | B11: Report help link Value | D11: Date (Local) | E11: Date (Local) Value
D12: UTC Offset | E12: UTC Offset Value
D13: Language | E13: Language Value
D14: Format Region | E14: Format Region Value
D15: Layout name | E15: Layout name Value
D16: Layout caption | E16: Layout caption Value
D17: Layout id | E17: Layout id Value
